id,user_id,name,date,time,status,marked_at
67,1BY25AI231,Shri Hari K R,2026-06-05,22:36:01,Present,2026-06-05 22:36:01
198,CS001,Arjun Sharma,2026-06-05,10:11:47,Present,2026-06-06 07:17:52
197,ME002,Sneha Reddy,2026-06-05,10:02:29,Present,2026-06-06 07:17:52
196,ME001,Anjali Singh,2026-06-05,09:55:03,Present,2026-06-06 07:17:52
195,CS003,Vikram Nair,2026-06-05,09:42:58,Present,2026-06-06 07:17:52
194,EC002,Divya Menon,2026-06-05,09:35:17,Present,2026-06-06 07:17:52
193,CS004,Rohan Gupta,2026-06-05,09:22:41,Present,2026-06-06 07:17:52
192,CS002,Priya Patel,2026-06-05,09:14:05,Present,2026-06-06 07:17:52
191,EC001,Rahul Verma,2026-06-05,09:01:32,Present,2026-06-06 07:17:52
66,CS001,Arjun Sharma,2026-06-04,10:02:29,Present,2026-06-05 22:17:37
130,ME001,Anjali Singh,2026-06-04,10:02:29,Present,2026-06-05 22:42:29
190,CS001,Arjun Sharma,2026-06-04,10:02:29,Present,2026-06-06 07:17:52
65,CS003,Vikram Nair,2026-06-04,09:55:03,Present,2026-06-05 22:17:37
129,CS003,Vikram Nair,2026-06-04,09:55:03,Present,2026-06-05 22:42:29
189,CS003,Vikram Nair,2026-06-04,09:55:03,Present,2026-06-06 07:17:52
64,CS002,Priya Patel,2026-06-04,09:42:58,Present,2026-06-05 22:17:37
128,CS004,Rohan Gupta,2026-06-04,09:42:58,Present,2026-06-05 22:42:29
188,CS004,Rohan Gupta,2026-06-04,09:42:58,Present,2026-06-06 07:17:52
63,ME001,Anjali Singh,2026-06-04,09:35:17,Present,2026-06-05 22:17:37
127,EC002,Divya Menon,2026-06-04,09:35:17,Present,2026-06-05 22:42:29
187,ME002,Sneha Reddy,2026-06-04,09:35:17,Present,2026-06-06 07:17:52
62,EC001,Rahul Verma,2026-06-04,09:22:41,Present,2026-06-05 22:17:37
126,EC001,Rahul Verma,2026-06-04,09:22:41,Present,2026-06-05 22:42:29
186,CS002,Priya Patel,2026-06-04,09:22:41,Present,2026-06-06 07:17:52
61,EC002,Divya Menon,2026-06-04,09:14:05,Present,2026-06-05 22:17:37
125,CS002,Priya Patel,2026-06-04,09:14:05,Present,2026-06-05 22:42:29
185,EC002,Divya Menon,2026-06-04,09:14:05,Present,2026-06-06 07:17:52
60,CS004,Rohan Gupta,2026-06-04,09:01:32,Present,2026-06-05 22:17:37
124,ME002,Sneha Reddy,2026-06-04,09:01:32,Present,2026-06-05 22:42:29
184,ME001,Anjali Singh,2026-06-04,09:01:32,Present,2026-06-06 07:17:52
59,CS001,Arjun Sharma,2026-06-03,09:55:03,Present,2026-06-05 22:17:37
183,EC002,Divya Menon,2026-06-03,09:55:03,Present,2026-06-06 07:17:52
58,EC001,Rahul Verma,2026-06-03,09:42:58,Present,2026-06-05 22:17:37
123,CS002,Priya Patel,2026-06-03,09:42:58,Present,2026-06-05 22:42:29
182,CS004,Rohan Gupta,2026-06-03,09:42:58,Present,2026-06-06 07:17:52
57,CS003,Vikram Nair,2026-06-03,09:35:17,Present,2026-06-05 22:17:37
122,CS003,Vikram Nair,2026-06-03,09:35:17,Present,2026-06-05 22:42:29
181,EC001,Rahul Verma,2026-06-03,09:35:17,Present,2026-06-06 07:17:52
56,CS004,Rohan Gupta,2026-06-03,09:22:41,Present,2026-06-05 22:17:37
121,ME002,Sneha Reddy,2026-06-03,09:22:41,Present,2026-06-05 22:42:29
180,CS002,Priya Patel,2026-06-03,09:22:41,Present,2026-06-06 07:17:52
55,ME002,Sneha Reddy,2026-06-03,09:14:05,Present,2026-06-05 22:17:37
120,EC001,Rahul Verma,2026-06-03,09:14:05,Present,2026-06-05 22:42:29
179,CS003,Vikram Nair,2026-06-03,09:14:05,Present,2026-06-06 07:17:52
54,EC002,Divya Menon,2026-06-03,09:01:32,Present,2026-06-05 22:17:37
119,EC002,Divya Menon,2026-06-03,09:01:32,Present,2026-06-05 22:42:29
178,CS001,Arjun Sharma,2026-06-03,09:01:32,Present,2026-06-06 07:17:52
177,CS002,Priya Patel,2026-06-02,10:11:47,Present,2026-06-06 07:17:52
176,CS004,Rohan Gupta,2026-06-02,10:02:29,Present,2026-06-06 07:17:52
118,EC002,Divya Menon,2026-06-02,09:55:03,Present,2026-06-05 22:42:29
175,CS001,Arjun Sharma,2026-06-02,09:55:03,Present,2026-06-06 07:17:52
53,ME002,Sneha Reddy,2026-06-02,09:42:58,Present,2026-06-05 22:17:37
117,CS002,Priya Patel,2026-06-02,09:42:58,Present,2026-06-05 22:42:29
174,CS003,Vikram Nair,2026-06-02,09:42:58,Present,2026-06-06 07:17:52
52,CS002,Priya Patel,2026-06-02,09:35:17,Present,2026-06-05 22:17:37
116,EC001,Rahul Verma,2026-06-02,09:35:17,Present,2026-06-05 22:42:29
173,EC002,Divya Menon,2026-06-02,09:35:17,Present,2026-06-06 07:17:52
51,CS003,Vikram Nair,2026-06-02,09:22:41,Present,2026-06-05 22:17:37
115,CS004,Rohan Gupta,2026-06-02,09:22:41,Present,2026-06-05 22:42:29
172,EC001,Rahul Verma,2026-06-02,09:22:41,Present,2026-06-06 07:17:52
50,ME001,Anjali Singh,2026-06-02,09:14:05,Present,2026-06-05 22:17:37
114,CS003,Vikram Nair,2026-06-02,09:14:05,Present,2026-06-05 22:42:29
171,ME001,Anjali Singh,2026-06-02,09:14:05,Present,2026-06-06 07:17:52
49,EC001,Rahul Verma,2026-06-02,09:01:32,Present,2026-06-05 22:17:37
113,ME001,Anjali Singh,2026-06-02,09:01:32,Present,2026-06-05 22:42:29
170,ME002,Sneha Reddy,2026-06-02,09:01:32,Present,2026-06-06 07:17:52
48,EC002,Divya Menon,2026-06-01,10:11:47,Present,2026-06-05 22:17:37
47,CS001,Arjun Sharma,2026-06-01,10:02:29,Present,2026-06-05 22:17:37
169,CS003,Vikram Nair,2026-06-01,10:02:29,Present,2026-06-06 07:17:52
46,CS003,Vikram Nair,2026-06-01,09:55:03,Present,2026-06-05 22:17:37
112,CS003,Vikram Nair,2026-06-01,09:55:03,Present,2026-06-05 22:42:29
168,ME002,Sneha Reddy,2026-06-01,09:55:03,Present,2026-06-06 07:17:52
45,CS004,Rohan Gupta,2026-06-01,09:42:58,Present,2026-06-05 22:17:37
111,CS002,Priya Patel,2026-06-01,09:42:58,Present,2026-06-05 22:42:29
167,CS001,Arjun Sharma,2026-06-01,09:42:58,Present,2026-06-06 07:17:52
44,ME001,Anjali Singh,2026-06-01,09:35:17,Present,2026-06-05 22:17:37
110,EC002,Divya Menon,2026-06-01,09:35:17,Present,2026-06-05 22:42:29
166,CS002,Priya Patel,2026-06-01,09:35:17,Present,2026-06-06 07:17:52
43,EC001,Rahul Verma,2026-06-01,09:22:41,Present,2026-06-05 22:17:37
109,ME001,Anjali Singh,2026-06-01,09:22:41,Present,2026-06-05 22:42:29
165,CS004,Rohan Gupta,2026-06-01,09:22:41,Present,2026-06-06 07:17:52
42,ME002,Sneha Reddy,2026-06-01,09:14:05,Present,2026-06-05 22:17:37
108,EC001,Rahul Verma,2026-06-01,09:14:05,Present,2026-06-05 22:42:29
164,ME001,Anjali Singh,2026-06-01,09:14:05,Present,2026-06-06 07:17:52
41,CS002,Priya Patel,2026-06-01,09:01:32,Present,2026-06-05 22:17:37
107,ME002,Sneha Reddy,2026-06-01,09:01:32,Present,2026-06-05 22:42:29
163,EC002,Divya Menon,2026-06-01,09:01:32,Present,2026-06-06 07:17:52
40,CS002,Priya Patel,2026-05-31,09:55:03,Present,2026-06-05 22:17:37
39,EC001,Rahul Verma,2026-05-31,09:42:58,Present,2026-06-05 22:17:37
106,EC001,Rahul Verma,2026-05-31,09:42:58,Present,2026-06-05 22:42:29
162,CS002,Priya Patel,2026-05-31,09:42:58,Present,2026-06-06 07:17:52
38,ME001,Anjali Singh,2026-05-31,09:35:17,Present,2026-06-05 22:17:37
105,EC002,Divya Menon,2026-05-31,09:35:17,Present,2026-06-05 22:42:29
161,ME002,Sneha Reddy,2026-05-31,09:35:17,Present,2026-06-06 07:17:52
37,EC002,Divya Menon,2026-05-31,09:22:41,Present,2026-06-05 22:17:37
104,ME002,Sneha Reddy,2026-05-31,09:22:41,Present,2026-06-05 22:42:29
160,EC001,Rahul Verma,2026-05-31,09:22:41,Present,2026-06-06 07:17:52
36,CS001,Arjun Sharma,2026-05-31,09:14:05,Present,2026-06-05 22:17:37
103,CS003,Vikram Nair,2026-05-31,09:14:05,Present,2026-06-05 22:42:29
159,CS004,Rohan Gupta,2026-05-31,09:14:05,Present,2026-06-06 07:17:52
35,CS003,Vikram Nair,2026-05-31,09:01:32,Present,2026-06-05 22:17:37
102,CS002,Priya Patel,2026-05-31,09:01:32,Present,2026-06-05 22:42:29
158,EC002,Divya Menon,2026-05-31,09:01:32,Present,2026-06-06 07:17:52
34,CS002,Priya Patel,2026-05-30,10:02:29,Present,2026-06-05 22:17:37
33,EC002,Divya Menon,2026-05-30,09:55:03,Present,2026-06-05 22:17:37
101,EC001,Rahul Verma,2026-05-30,09:55:03,Present,2026-06-05 22:42:29
32,CS004,Rohan Gupta,2026-05-30,09:42:58,Present,2026-06-05 22:17:37
100,CS003,Vikram Nair,2026-05-30,09:42:58,Present,2026-06-05 22:42:29
157,CS001,Arjun Sharma,2026-05-30,09:42:58,Present,2026-06-06 07:17:52
31,CS003,Vikram Nair,2026-05-30,09:35:17,Present,2026-06-05 22:17:37
99,CS004,Rohan Gupta,2026-05-30,09:35:17,Present,2026-06-05 22:42:29
156,EC002,Divya Menon,2026-05-30,09:35:17,Present,2026-06-06 07:17:52
30,EC001,Rahul Verma,2026-05-30,09:22:41,Present,2026-06-05 22:17:37
98,EC002,Divya Menon,2026-05-30,09:22:41,Present,2026-06-05 22:42:29
155,EC001,Rahul Verma,2026-05-30,09:22:41,Present,2026-06-06 07:17:52
29,ME001,Anjali Singh,2026-05-30,09:14:05,Present,2026-06-05 22:17:37
97,ME001,Anjali Singh,2026-05-30,09:14:05,Present,2026-06-05 22:42:29
154,CS002,Priya Patel,2026-05-30,09:14:05,Present,2026-06-06 07:17:52
28,ME002,Sneha Reddy,2026-05-30,09:01:32,Present,2026-06-05 22:17:37
96,ME002,Sneha Reddy,2026-05-30,09:01:32,Present,2026-06-05 22:42:29
153,CS004,Rohan Gupta,2026-05-30,09:01:32,Present,2026-06-06 07:17:52
95,EC001,Rahul Verma,2026-05-29,10:11:47,Present,2026-06-05 22:42:29
94,ME002,Sneha Reddy,2026-05-29,10:02:29,Present,2026-06-05 22:42:29
93,CS002,Priya Patel,2026-05-29,09:55:03,Present,2026-06-05 22:42:29
152,CS003,Vikram Nair,2026-05-29,09:55:03,Present,2026-06-06 07:17:52
27,ME001,Anjali Singh,2026-05-29,09:42:58,Present,2026-06-05 22:17:37
92,CS001,Arjun Sharma,2026-05-29,09:42:58,Present,2026-06-05 22:42:29
151,EC001,Rahul Verma,2026-05-29,09:42:58,Present,2026-06-06 07:17:52
26,ME002,Sneha Reddy,2026-05-29,09:35:17,Present,2026-06-05 22:17:37
91,ME001,Anjali Singh,2026-05-29,09:35:17,Present,2026-06-05 22:42:29
150,CS001,Arjun Sharma,2026-05-29,09:35:17,Present,2026-06-06 07:17:52
25,CS001,Arjun Sharma,2026-05-29,09:22:41,Present,2026-06-05 22:17:37
90,EC002,Divya Menon,2026-05-29,09:22:41,Present,2026-06-05 22:42:29
149,EC002,Divya Menon,2026-05-29,09:22:41,Present,2026-06-06 07:17:52
24,CS003,Vikram Nair,2026-05-29,09:14:05,Present,2026-06-05 22:17:37
89,CS004,Rohan Gupta,2026-05-29,09:14:05,Present,2026-06-05 22:42:29
148,CS002,Priya Patel,2026-05-29,09:14:05,Present,2026-06-06 07:17:52
23,CS004,Rohan Gupta,2026-05-29,09:01:32,Present,2026-06-05 22:17:37
88,CS003,Vikram Nair,2026-05-29,09:01:32,Present,2026-06-05 22:42:29
147,ME001,Anjali Singh,2026-05-29,09:01:32,Present,2026-06-06 07:17:52
146,CS001,Arjun Sharma,2026-05-28,10:11:47,Present,2026-06-06 07:17:52
22,EC002,Divya Menon,2026-05-28,10:02:29,Present,2026-06-05 22:17:37
87,CS004,Rohan Gupta,2026-05-28,10:02:29,Present,2026-06-05 22:42:29
145,CS002,Priya Patel,2026-05-28,10:02:29,Present,2026-06-06 07:17:52
21,ME002,Sneha Reddy,2026-05-28,09:55:03,Present,2026-06-05 22:17:37
86,CS001,Arjun Sharma,2026-05-28,09:55:03,Present,2026-06-05 22:42:29
144,CS003,Vikram Nair,2026-05-28,09:55:03,Present,2026-06-06 07:17:52
20,CS003,Vikram Nair,2026-05-28,09:42:58,Present,2026-06-05 22:17:37
85,EC002,Divya Menon,2026-05-28,09:42:58,Present,2026-06-05 22:42:29
143,EC001,Rahul Verma,2026-05-28,09:42:58,Present,2026-06-06 07:17:52
19,CS002,Priya Patel,2026-05-28,09:35:17,Present,2026-06-05 22:17:37
84,ME002,Sneha Reddy,2026-05-28,09:35:17,Present,2026-06-05 22:42:29
142,CS004,Rohan Gupta,2026-05-28,09:35:17,Present,2026-06-06 07:17:52
18,CS001,Arjun Sharma,2026-05-28,09:22:41,Present,2026-06-05 22:17:37
83,EC001,Rahul Verma,2026-05-28,09:22:41,Present,2026-06-05 22:42:29
141,EC002,Divya Menon,2026-05-28,09:22:41,Present,2026-06-06 07:17:52
17,CS004,Rohan Gupta,2026-05-28,09:14:05,Present,2026-06-05 22:17:37
82,CS003,Vikram Nair,2026-05-28,09:14:05,Present,2026-06-05 22:42:29
140,ME002,Sneha Reddy,2026-05-28,09:14:05,Present,2026-06-06 07:17:52
16,EC001,Rahul Verma,2026-05-28,09:01:32,Present,2026-06-05 22:17:37
81,ME001,Anjali Singh,2026-05-28,09:01:32,Present,2026-06-05 22:42:29
139,ME001,Anjali Singh,2026-05-28,09:01:32,Present,2026-06-06 07:17:52
15,CS002,Priya Patel,2026-05-27,10:11:47,Present,2026-06-05 22:17:37
80,CS002,Priya Patel,2026-05-27,10:11:47,Present,2026-06-05 22:42:29
138,ME002,Sneha Reddy,2026-05-27,10:11:47,Present,2026-06-06 07:17:52
14,CS003,Vikram Nair,2026-05-27,10:02:29,Present,2026-06-05 22:17:37
79,CS003,Vikram Nair,2026-05-27,10:02:29,Present,2026-06-05 22:42:29
137,EC001,Rahul Verma,2026-05-27,10:02:29,Present,2026-06-06 07:17:52
13,ME002,Sneha Reddy,2026-05-27,09:55:03,Present,2026-06-05 22:17:37
78,CS001,Arjun Sharma,2026-05-27,09:55:03,Present,2026-06-05 22:42:29
136,CS004,Rohan Gupta,2026-05-27,09:55:03,Present,2026-06-06 07:17:52
12,EC001,Rahul Verma,2026-05-27,09:42:58,Present,2026-06-05 22:17:37
77,EC001,Rahul Verma,2026-05-27,09:42:58,Present,2026-06-05 22:42:29
135,CS001,Arjun Sharma,2026-05-27,09:42:58,Present,2026-06-06 07:17:52
11,CS001,Arjun Sharma,2026-05-27,09:35:17,Present,2026-06-05 22:17:37
76,EC002,Divya Menon,2026-05-27,09:35:17,Present,2026-06-05 22:42:29
134,CS002,Priya Patel,2026-05-27,09:35:17,Present,2026-06-06 07:17:52
10,ME001,Anjali Singh,2026-05-27,09:22:41,Present,2026-06-05 22:17:37
75,ME002,Sneha Reddy,2026-05-27,09:22:41,Present,2026-06-05 22:42:29
133,CS003,Vikram Nair,2026-05-27,09:22:41,Present,2026-06-06 07:17:52
9,CS004,Rohan Gupta,2026-05-27,09:14:05,Present,2026-06-05 22:17:37
74,ME001,Anjali Singh,2026-05-27,09:14:05,Present,2026-06-05 22:42:29
132,EC002,Divya Menon,2026-05-27,09:14:05,Present,2026-06-06 07:17:52
8,EC002,Divya Menon,2026-05-27,09:01:32,Present,2026-06-05 22:17:37
73,CS004,Rohan Gupta,2026-05-27,09:01:32,Present,2026-06-05 22:42:29
131,ME001,Anjali Singh,2026-05-27,09:01:32,Present,2026-06-06 07:17:52
7,EC001,Rahul Verma,2026-05-26,10:02:29,Present,2026-06-05 22:17:37
6,CS004,Rohan Gupta,2026-05-26,09:55:03,Present,2026-06-05 22:17:37
5,ME001,Anjali Singh,2026-05-26,09:42:58,Present,2026-06-05 22:17:37
72,EC002,Divya Menon,2026-05-26,09:42:58,Present,2026-06-05 22:42:29
4,CS002,Priya Patel,2026-05-26,09:35:17,Present,2026-06-05 22:17:37
71,CS004,Rohan Gupta,2026-05-26,09:35:17,Present,2026-06-05 22:42:29
3,EC002,Divya Menon,2026-05-26,09:22:41,Present,2026-06-05 22:17:37
70,CS001,Arjun Sharma,2026-05-26,09:22:41,Present,2026-06-05 22:42:29
2,ME002,Sneha Reddy,2026-05-26,09:14:05,Present,2026-06-05 22:17:37
69,ME002,Sneha Reddy,2026-05-26,09:14:05,Present,2026-06-05 22:42:29
1,CS003,Vikram Nair,2026-05-26,09:01:32,Present,2026-06-05 22:17:37
68,ME001,Anjali Singh,2026-05-26,09:01:32,Present,2026-06-05 22:42:29
